{
    "device": {
        "fw version": "5.16.0.1",
        "name": "Intel RealSense D455",
        "product line": "D400"
    },
    "parameters": {
        "aux-param-autoexposure-setpoint": "1000",
        "aux-param-colorcorrection1": "-0.493164",
        "aux-param-colorcorrection10": "-0.272461",
        "aux-param-colorcorrection11": "-0.272461",
        "aux-param-colorcorrection12": "-0.355469",
        "aux-param-colorcorrection2": "0.831055",
        "aux-param-colorcorrection3": "0.831055",
        "aux-param-colorcorrection4": "-0.368164",
        "aux-param-colorcorrection5": "-0.133789",
        "aux-param-colorcorrection6": "-0.323242",
        "aux-param-colorcorrection7": "-0.323242",
        "aux-param-colorcorrection8": "1.19141",
        "aux-param-colorcorrection9": "0.90918",
        "aux-param-depthclampmax": "65536",
        "aux-param-depthclampmin": "0",
        "aux-param-disparityshift": "200",
        "controls-autoexposure-auto": "True",
        "controls-autoexposure-manual": "33000",
        "controls-color-autoexposure-auto": "True",
        "controls-color-autoexposure-manual": "166",
        "controls-color-backlight-compensation": "0",
        "controls-color-brightness": "0",
        "controls-color-contrast": "50",
        "controls-color-gain": "64",
        "controls-color-gamma": "300",
        "controls-color-hue": "0",
        "controls-color-power-line-frequency": "3",
        "controls-color-saturation": "64",
        "controls-color-sharpness": "50",
        "controls-color-white-balance-auto": "True",
        "controls-color-white-balance-manual": "4600",
        "controls-depth-gain": "16",
        "controls-laserpower": "150",
        "controls-laserstate": "on",
        "ignoreSAD": "0",
        "param-amplitude-factor": "0.08",
        "param-autoexposure-setpoint": "1000",
        "param-censusenablereg-udiameter": "9",
        "param-censusenablereg-vdiameter": "3",
        "param-censususize": "9",
        "param-censusvsize": "3",
        "param-depthclampmax": "65536",
        "param-depthclampmin": "0",
        "param-depthunits": "1000",
        "param-disableraucolor": "0",
        "param-disablesadcolor": "0",
        "param-disablesadnormalize": "0",
        "param-disablesloleftcolor": "0",
        "param-disableslorightcolor": "1",
        "param-disparitymode": "0",
        "param-disparityshift": "200",
        "param-lambdaad": "1001",
        "param-lambdacensus": "7",
        "param-leftrightthreshold": "20",
        "param-maxscorethreshb": "791",
        "param-medianthreshold": "240",
        "param-minscorethresha": "24",
        "param-neighborthresh": "110",
        "param-raumine": "3",
        "param-rauminn": "1",
        "param-rauminnssum": "4",
        "param-raumins": "3",
        "param-rauminw": "1",
        "param-rauminwesum": "14",
        "param-regioncolorthresholdb": "0.0489237",
        "param-regioncolorthresholdg": "0.0714286",
        "param-regioncolorthresholdr": "0.137965",
        "param-regionshrinku": "3",
        "param-regionshrinkv": "1",
        "param-robbinsmonrodecrement": "20",
        "param-robbinsmonroincrement": "3",
        "param-rsmdiffthreshold": "3.8125",
        "param-rsmrauslodiffthreshold": "0.46875",
        "param-rsmremovethreshold": "0.547619",
        "param-scanlineedgetaub": "130",
        "param-scanlineedgetaug": "244",
        "param-scanlineedgetaur": "618",
        "param-scanlinep1": "63",
        "param-scanlinep1onediscon": "14",
        "param-scanlinep1twodiscon": "119",
        "param-scanlinep2": "45",
        "param-scanlinep2onediscon": "21",
        "param-scanlinep2twodiscon": "12",
        "param-secondpeakdelta": "31",
        "param-texturecountthresh": "0",
        "param-texturedifferencethresh": "783",
        "param-usersm": "1",
        "param-zunits": "1000"
    },
    "schema version": 1,
    "viewer": {
        "stream-depth-format": "Z16",
        "stream-fps": "30",
        "stream-height": "480",
        "stream-width": "848"
    }
}